Name,address,email,phone,customer_id
Frank Barnett,Flat 59M; Harris terrace; Albertburgh; B6T 2XR,frank.barnett@hotmail.com,+44121 4960637,981686
Alexander Ford,Flat 83; Nicole pass; Lake Lewisstad; L8 7YF,alexander.ford@gmail.com,(0131) 4960131,197384
Devin Henderson,005 Hargreaves shoal; Port Victor; MK0 8SG,devin.henderson@gmail.com,0116 496 0955,657739
Diana Andrade,45 Wayne club; Barbaramouth; TF76 4DP,diana.andrade@gmail.com,+44(0)141 4960440,768407
Julie May,29 Rice creek; Julianmouth; W7W 5JU,julie.may@gmail.com,+44161 496 0983,760665
Luke Miles,56 Stokes groves; West Jacobland; L8J 0ZY,luke.miles@yahoo.com,+441632 960911,135405
Zachary Cruz,Flat 6; Morgan forest; Lorraineland; G7T 8LG,zachary.cruz@hotmail.com,+441154960508,990158
Michele Trujillo,Flat 69; Katherine walk; East Anthony; S9 8LA,michele.trujillo@hotmail.co.uk,+441154960215,407324
Adam Jimenez,Flat 93; Osborne village; Lake Kerry; LD8M 6LF,adam.jimenez@hotmail.co.uk,(0113) 4960775,825228
Donald Robbins,618 Anna station; Philipmouth; L5K 7LX,donald.robbins@yahoo.com,+44191 4960390,410680
Geoffrey Morris,9 John neck; Haywardfort; WS6M 8YZ,bdavis@outlook.com,(0191)4960091,665150
Sarah Neal,78 Georgina unions; North Jeanborough; S4K 5LN,sarah.neal@yahoo.com,01144960757,412651
Kristin Mccarthy,47 Michelle radial; Potterberg; ML09 2ND,kristin.mccarthy@yahoo.com,+4420 7496 0352,808405
Janet Harris,51 Davies radial; North Roy; L1 6GQ,janet.harris@hotmail.co.uk,+441514960763,829042
Tami Hall,45 Dylan circle; Ashleighton; E2 4TA,tami.hall@gmail.com,01614960638,827998
Kelli Hart,Flat 56; Chambers motorway; North Peterbury; B80 0YG,kelli.hart@yahoo.co.uk,0115 4960635,618400
Robert Miller,Flat 4; Barry motorway; North Lesley; G0 7YJ,robert.miller@gmail.com,+44(0)306 9990598,881948
Tasha Smith,4 Jones summit; Slaterland; N66 6ZJ,tasha.smith@outlook.com,(0909)8790336,463471
Kyle Morrison,2 Annette isle; South Hazel; OL3M 3SL,kyle.morrison@yahoo.co.uk,+448081570503,380560
Matthew Daniels,Studio 96; Ford manor; South Duncan; WV39 0PE,nataliethompson@hotmail.co.uk,+44118 4960664,798025
Brandon Orozco,Flat 2; Jordan trafficway; Lake Marion; BS0 1FZ,brandon.orozco@hotmail.co.uk,+44(0)28 9018614,966735
Zachary Blankenship,Flat 21F; June dale; West Frederick; B6K 4DA,liamwilliams@yahoo.co.uk,+44(0)118 496 0103,697710
Andrea Joseph,Studio 9; Taylor neck; New Angelaburgh; CF2 0FG,wilkinsonhayley@hotmail.co.uk,03069990377,730236
Henry Daniels,7 Naomi hollow; Phillipsbury; S27 9GJ,henry.daniels@gmail.com,+44151 4960172,122943
Carlos Patel,Studio 59; Vanessa lock; Herbertstad; G3 6JA,carlos.patel@yahoo.co.uk,+44808 1570488,785880
Anthony Myers,Studio 53W; John burgs; Port Kateborough; B5 2GF,anthony.myers@gmail.com,(028) 9018997,207262
Daniel Kane,Flat 80x; Linda glens; Lorraineview; S2K 9WZ,daniel.kane@yahoo.co.uk,+44118 4960832,769809
Jessica Smith,Flat 51K; Dominic green; Port Kimberleyside; GY6 0BB,jessica.smith@hotmail.com,+44289018226,127120
Robert Martinez,134 Evans tunnel; Andrewton; S1 9QB,robert.martinez@hotmail.com,+44114 496 0754,895080
Thomas Leon,60 Webster motorway; West Sylvia; N1 0ZJ,mohamed31@gmail.com,+44116 4960917,332191
Daniel Hamilton,Studio 03k; Phillip springs; New Clairemouth; B60 7ZX,daniel.hamilton@hotmail.co.uk,+44909 879 0566,886315
Michelle Spears,58 Chelsea viaduct; New Kellychester; L6B 6AG,michelle.spears@outlook.com,+44(0)1514960256,191218
Derek Stephenson,Studio 99Q; Murray shores; Kellybury; M0 3XU,derek.stephenson@outlook.com,0121 4960511,437416
Abigail Winters,540 Hardy drive; Daymouth; DY7V 0ZL,abigail.winters@gmail.com,+44131 4960257,363828
Alec Lynch,042 Lane center; Forsterport; AB9 0JS,alec.lynch@gmail.com,0118 496 0923,205789
Doris Kramer,Studio 10n; McLean pike; Thompsonview; E9 6PN,doris.kramer@hotmail.com,(0909) 879 0810,618595
Holly Hendrix,Flat 73; Thomas expressway; Stephensonland; TA9 1GP,holly.hendrix@gmail.com,+44118 4960180,191141
Steven Pratt,Flat 61; Reynolds ranch; East Wendy; SP3R 9HL,steven.pratt@hotmail.com,+44191 4960858,517443
Dustin Burns,Flat 24; Megan drive; Bethburgh; S4 4FT,briangoddard@outlook.com,+44161 4960761,863719
Yvonne Levy,2 Rogers stream; Dunnborough; CM45 5HG,yvonne.levy@hotmail.com,029 2018 0833,834452
Allison Villegas,Flat 87x; Rosemary plain; Callumchester; LU57 8ZJ,allison.villegas@hotmail.co.uk,+44115 496 0893,442246
Nicholas Perry,Studio 93; Gerard keys; Lake Jordan; WC9A 8NS,nicholas.perry@gmail.com,(0115)4960393,809834
Michael Powell,Studio 36P; Simpson fords; Lucasmouth; RG55 2HB,michael.powell@yahoo.com,(029)2018970,741636
Matthew White,7 Ahmed pike; East Caroline; BL66 1NS,matthew.white@yahoo.com,+443069990638,697378
William Reese,978 Kerr forest; Hayneston; PE9 0LG,jamesmarcus@hotmail.com,+44(0)114 496 0895,814264
Barbara Conway,57 Smith radial; Aimeebury; N53 7HG,barbara.conway@gmail.com,+44115 496 0446,908946
Dale Sanchez,Studio 6; Kelly dam; Port Jayneberg; S9 3RH,dale.sanchez@hotmail.com,(0161) 4960006,627061
Debbie Kim,99 Gillian square; Port Catherine; S2C 4LE,debbie.kim@yahoo.com,+448081570142,678746
Victoria Olson,Flat 7; Knight lodge; Naomiview; M99 6YA,victoria.olson@hotmail.com,01144960048,721791
Brianna Rodriguez,08 Allen shore; Bethantown; SP5 9DN,brianna.rodriguez@yahoo.com,0116 4960667,970674
Richard Barnes,Studio 32; Evans burgs; Lake Paulside; E9 9EW,richard.barnes@hotmail.co.uk,(0118) 496 0220,381072
Charles Murphy,Flat 55r; Kennedy parkway; Cooperfort; M67 0SB,charles.murphy@hotmail.co.uk,+44116 496 0021,149611
Melissa Patrick,Studio 3; Higgins street; Lake Deanchester; W1T 0FZ,melissa.patrick@gmail.com,+44121 4960010,634861
Laura Greer,Studio 64n; Danny drives; North Phillip; B4G 2GJ,laura.greer@outlook.com,+44(0)116 4960512,584276
Jason Gill,Studio 1; Watts field; New Mauricefort; HS6 9JL,jason.gill@hotmail.co.uk,(0117)4960131,659987
Alicia Smith,Studio 4; O'Brien views; East Reece; E5K 7GX,alicia.smith@hotmail.co.uk,+449098790280,144140
Nicholas Johnson,6 Claire hollow; Allanland; EX52 9LE,williamhenderson@hotmail.co.uk,(020)74960595,952847
Erin Matthews,51 Josh lakes; Lake Mitchellstad; CV37 8QA,sbrown@hotmail.co.uk,+441632 960 064,347846
Brian Gibbs,46 Elliot ranch; Port Sophie; B60 7ZS,brian.gibbs@yahoo.co.uk,(0116) 4960039,965488
Eric Wright,Flat 6; Ronald loaf; North Lydia; NP8X 8WL,eric.wright@hotmail.co.uk,+44(0)292018591,961992
Nancy Ramos,Flat 02; Kenneth crest; South Raymondtown; GL4M 4FP,nancy.ramos@gmail.com,+441414960127,694128
William Andersen,693 Clark branch; Port Stephanieland; M9U 0XU,nichollsabdul@gmail.com,(0121) 496 0274,544424
Malik Robinson,Flat 26; Shane shores; Patelburgh; B5 8SW,yharris@gmail.com,+44(0)808 157 0049,553627
Ernest Parsons,Studio 82; Lynne spurs; Deborahchester; E1F 3UG,ernest.parsons@yahoo.co.uk,(0116) 496 0604,708960
Rodney Mercado,Studio 8; Hussain inlet; Port Lisa; E9 9YE,rodney.mercado@gmail.com,0116 4960503,404031
Angela Clark,8 Charlene isle; Harrisview; B7D 4EB,angela.clark@gmail.com,+44118 4960265,193039
Scott Morton,Studio 7; Gregory summit; Lydialand; E3U 6LH,lydia24@hotmail.co.uk,+4429 2018 0899,212056
Cheyenne Garner,4 Hughes ways; Houghtonside; TF93 0NW,cheyenne.garner@hotmail.com,(0151)4960714,265779
Joseph Frazier,Flat 14i; Andrews branch; New Charlene; SN8B 0EF,joseph.frazier@yahoo.com,01614960412,482136
Colleen Pierce,Studio 22a; Josh street; Suttonborough; W3H 9QU,colleen.pierce@outlook.com,(0161)4960206,314890
Tamara Miller,Studio 5; Aimee parkway; Port Louise; TF6N 6QG,tamara.miller@hotmail.co.uk,+44(0)1632 960 885,281238
Justin Osborne,95 Margaret walk; New Marc; N3 1GP,justin.osborne@yahoo.co.uk,(020) 7496 0726,408663
Deborah Cortez,380 Hill summit; Conortown; L78 3WN,deborah.cortez@hotmail.com,(0113) 4960771,268391
Matthew Brennan,858 Mohammad rest; Faulknerport; EC5 7DA,lgray@gmail.com,+44(0)121 4960060,306366
Valerie Brown,Studio 90n; Jones oval; Lake Douglas; M49 0ZT,valerie.brown@yahoo.com,+44(0)151 496 0023,977227
David Parsons,7 Chapman port; Hollandfort; M0 6SE,david.parsons@yahoo.com,0116 4960764,163245
Ryan White,Studio 97X; Knight fields; Lake Laurenmouth; W5 5JH,ryan.white@gmail.com,0292018776,450209
Michelle Williams,302 Hughes mount; Lawsonburgh; S22 3RA,michelle.williams@yahoo.co.uk,+44289018853,501847
Ryan Clark,3 Claire neck; New Jeremyhaven; MK92 8EF,ryan.clark@hotmail.co.uk,+44115 496 0929,620384
Joseph Liu,Flat 73; Joan shoal; New Jennifer; BS1P 5EH,joseph.liu@yahoo.co.uk,(0306)9990327,872580
Ashley Bowen,684 Poole ramp; Maxville; G7 3FY,ashley.bowen@yahoo.co.uk,01414960263,810291
Timothy Moore,Flat 70; Hayes brook; Bradleyside; BD8 2DD,timothy.moore@yahoo.com,01414960988,523523
Joseph Little,590 Jacqueline track; North Jasminehaven; DL4 1UA,joseph.little@hotmail.com,(0115)4960306,630745
Candace Garner,36 Suzanne crossroad; North Gerard; W0 6PY,keith42@hotmail.com,+44151 496 0695,529677
Herbert Stevenson,0 Rhodes view; North Eleanor; S0 6UT,herbert.stevenson@hotmail.co.uk,+44(0)20 7496 0099,112948
Tammy Taylor,8 Zoe park; Lake Kelly; B7T 7EB,oturner@gmail.com,+44(0)131 496 0650,571634
Corey Kelly,Studio 16; Myers oval; New Janeberg; LU3 2QX,corey.kelly@hotmail.co.uk,01174960537,604854
Tommy Webster,77 Denis lake; Brianton; B43 5WA,tommy.webster@yahoo.com,(0909)8790823,763209
Chris Parker,43 Kenneth junctions; Thompsonton; WR2 4AU,chris.parker@yahoo.co.uk,+442074960212,794467
Colton Howard,Studio 4; Bartlett glen; East Kimbury; AB3V 0UR,daviesrussell@outlook.com,(0115) 4960792,570490
Benjamin Rodriguez,112 Henderson burg; North Owen; TA1 7WP,benjamin.rodriguez@yahoo.co.uk,(0113)4960506,988327
Ariel Cain,5 Eleanor isle; Lake Dominic; TD2P 5ZU,ariel.cain@outlook.com,0114 4960619,903588
Brandon Wilson,Studio 94; Little squares; Pamelaburgh; G1 6YB,brandon.wilson@hotmail.co.uk,01632 960 589,867246
Mary Lewis,531 Smith station; New Jackhaven; M1 2GF,mary.lewis@yahoo.co.uk,01914960621,334558
David Gray,Flat 9; Townsend cove; Harveyville; WD65 1ZS,david.gray@outlook.com,+44115 496 0599,654750
Michael Brown,Studio 18; Roberts stravenue; Marsdenstad; RH78 0WH,michael.brown@yahoo.com,0306 999 0399,951832
Michael Walters,Studio 13x; Ellis rest; New Duncantown; W97 2FU,michael.walters@hotmail.com,+44289018343,605310
Paula Adams,0 Ryan spring; Port Jonathanfurt; WF1 9PP,paula.adams@hotmail.com,+44(0)3069990502,969987
Kristen Jackson,Studio 16; Perkins expressway; South Carly; CB7X 8XZ,kristen.jackson@yahoo.com,(028) 9018 0331,422091
Laura Ramsey,210 Wilson dale; New Rosemary; EN22 9TF,laura.ramsey@hotmail.com,(029) 2018733,664336
Jessica Riley,Flat 1; Jones prairie; Martynmouth; B1S 1QR,jessica.riley@gmail.com,0191 4960891,734865
Matthew Small,53 Joan drive; Woodview; L4W 9EP,matthew.small@yahoo.com,+44131 4960325,709993
Joy Drake,90 Gray highway; Port Emilybury; B5T 2GY,joy.drake@hotmail.co.uk,(0141) 496 0609,893864
Scott Turner,Studio 16p; Christian road; Claireshire; TF3 3BL,swells@hotmail.com,+44(0)909 8790849,154598
Jacob Tucker,4 Arthur shores; Francisburgh; WN6A 4WE,ashleigh29@yahoo.co.uk,+44(0)289018820,923261
Erica Jones,430 Timothy crossroad; Abbiestad; M6C 2NS,erica.jones@hotmail.com,0131 4960070,456932
Mason Murphy,411 Lee brooks; Jenningsside; KW9M 2DS,mason.murphy@gmail.com,020 7946 0940,720364
Jose Perez,62 Morgan squares; Gloverville; W38 5UW,jose.perez@outlook.com,+441314960982,126555
Charles Allen,Studio 6; Edward plains; East Jake; N8 4UD,charles.allen@gmail.com,+44(0)28 9018 0559,425540
Lauren Chapman,84 Pamela street; Gregoryport; KY0Y 9AN,lauren.chapman@yahoo.com,+44(0)151 496 0793,237630
Jeff Mason,Studio 99G; Robinson overpass; Jacquelinechester; E46 8XB,jeff.mason@hotmail.com,(029) 2018048,484676
Erica Kelly,76 Perry light; Stuartland; G12 5YF,erica.kelly@yahoo.com,+44(0)3069990367,585910
Gregory Lopez,Studio 94a; Darren forge; West Denise; E0 4YU,amber72@yahoo.com,+44115 4960108,686739
Carol Campbell,Studio 46; Bryan squares; North Victor; N33 6SG,carol.campbell@outlook.com,+44(0)1184960320,638973
Alejandra James,Flat 81M; Parry walks; New Rosieton; N4G 5YF,alejandra.james@gmail.com,0131 496 0970,456222
Kayla Moore,Flat 08; Toby roads; West Georginaside; IV9 4AS,hwatts@hotmail.com,+44(0)20 74960443,382696
Alexis Hernandez,9 Sam via; Holmestown; B2 2UW,alexis.hernandez@hotmail.co.uk,(0808) 157 0778,855670
Monica Cardenas,Studio 1; Wheeler mill; East Diana; L5 1BT,imahmood@gmail.com,+44(0)1164960903,865134
Helen Lynch,6 Bennett fork; Franklinburgh; M7C 3FU,helen.lynch@gmail.com,+44(0)1414960680,757296
Mary Rogers,5 Bates point; Joemouth; B1 3GQ,mary.rogers@outlook.com,0118 496 0686,443938
Heather Martin,1 Armstrong harbor; Gemmaview; S90 8EB,heather.martin@yahoo.co.uk,+4420 74960655,801764
Douglas Johnson,616 Glenn shoals; West Holly; RG4P 0AL,douglas.johnson@hotmail.co.uk,(01632)960099,500637
Alyssa Pham,Flat 03; Laura way; East Margaretview; S0 5PL,lorraine23@gmail.com,0121 496 0376,523123
Robin Mcintyre,379 Moore estates; Port Jill; W3 4NH,ningram@yahoo.co.uk,+44808 1570376,582767
Karen Best,Studio 8; Bailey inlet; Nathanside; CF6 3FW,nalexander@yahoo.com,+441154960321,167037
Mary Morgan,Studio 61; Denis tunnel; South Angela; NR7X 1YL,mary.morgan@yahoo.com,028 9018398,960029
Melody Kramer,Studio 06; Law wells; Port Owen; E6D 9RU,aferguson@gmail.com,+44117 4960229,866265
John Goodman,Studio 26; White grove; Benshire; CW5 5XD,john.goodman@hotmail.com,+44161 4960831,889701
Christina Clements,60 Nathan drives; Lake Stuartmouth; W18 5ZZ,millermatthew@hotmail.com,+44(0)151 4960725,751917
Kevin Bryan,5 Smart mountain; South Henry; DT6N 0WY,hannah95@outlook.com,+44(0)191 496 0214,350091
Gina Grant,1 Lord locks; South Duncan; G3 3LF,pamelaharris@outlook.com,+4428 9018693,855436
David Watson,191 Williams glen; North Julianberg; E62 2ND,angelareed@yahoo.com,0117 496 0305,412754
Kyle Hobbs,77 Dennis pines; Sylviaville; DH16 7EB,kyle.hobbs@hotmail.co.uk,+44191 496 0611,927426
Matthew Payne,628 Watson cape; Fisherburgh; BH7 3HH,matthew.payne@hotmail.co.uk,(0131)4960302,744582
Lori Hall,Studio 3; Lee knolls; Jacobborough; W7 2XG,lori.hall@yahoo.com,+44(0)292018242,159271
Dawn Beasley,4 Graeme shores; Bakerville; RM4W 2TA,dawn.beasley@hotmail.co.uk,029 2018502,786730
Melanie Conner,Studio 6; Liam harbor; Wardton; L9 8AX,melanie.conner@outlook.com,(0118)4960335,985973
Charles Kim,Studio 93; Bailey ridges; Thomasland; DA8 3YA,jacobhowe@hotmail.co.uk,(0114) 4960527,600236
David Roth,Flat 5; Teresa heights; Archermouth; IP9 4RE,david.roth@hotmail.co.uk,+44306 9990690,209717
Ronald Brown,683 Clifford islands; Charlottefort; HU87 4HA,ronald.brown@outlook.com,+44(0)28 9018352,790206
Erin Thomas,Studio 2; Philip underpass; New Kirsty; WC4R 0WU,erin.thomas@yahoo.com,+44(0)191 496 0704,349927
Kayla Green,Studio 6; Danny estate; Berrybury; BR6 0PR,kayla.green@hotmail.co.uk,0909 8790807,959475
Kelly Anderson,Studio 96R; Griffiths pike; Flemingview; NE14 7AU,kelly.anderson@outlook.com,(0909) 8790972,483446
Kelly Campos,574 Phillips trace; Charlesville; G6B 1LP,westhelen@hotmail.co.uk,(0121)4960669,256144
Kristen Kramer,Studio 97; Carolyn curve; North Charles; BT3 0RZ,kristen.kramer@outlook.com,(020) 7496 0918,886806
Patricia Hart,Studio 43k; Owen hill; New Sarah; DA84 8RD,patricia.hart@hotmail.com,+44(0)116 496 0325,304371
Robert Moore,Studio 67; Crawford ranch; Lake Brett; B6J 7AF,marieharvey@yahoo.com,+44(0)161 496 0668,396081
James Johnson,389 Jackson plains; West Kathleenmouth; B66 9DG,lorraine50@hotmail.co.uk,0306 999 0402,751007
Brandi Thornton,71 Patel summit; East Hugh; W88 7GY,brandi.thornton@hotmail.co.uk,02074960544,876289
Jeffrey Love,742 Josephine falls; New Marieborough; B4 9JP,jeffrey.love@gmail.com,(029)2018587,897565
Jason Williams,Studio 44; Smith flat; Hopebury; M56 8UR,jason.williams@outlook.com,+44(0)121 496 0134,852240
Eric Anderson,Studio 13n; Sykes tunnel; Brownside; HS8A 2NG,eric.anderson@outlook.com,0141 4960984,909884
Meagan Weber,Studio 10B; Toby terrace; Kieranbury; EC5R 7DN,sturnbull@hotmail.com,0116 496 0869,586498
Willie Spears,Flat 60; Miller grove; New Gemmaton; G8 0GG,willie.spears@yahoo.co.uk,+44808 157 0124,526017
Gregory Gamble,98 Evans canyon; Allentown; PR14 3FW,gregory.gamble@gmail.com,(0116)4960352,858217
Eddie Peters,Flat 8; Taylor land; Elizabethburgh; AB9E 2TA,eddie.peters@hotmail.com,0117 496 0577,209952
Amber Smith,870 Ricky extension; East Pauline; CT4 1EW,nashvictor@hotmail.co.uk,(0161) 4960861,584162
Catherine Terry,Studio 72; Clifford mount; Rebeccamouth; M0H 0BJ,srobinson@yahoo.co.uk,(0113) 4960254,896273
Max Fuentes,Flat 3; Gregory ways; Stuartchester; W2K 1RX,max.fuentes@outlook.com,01632 960356,302166
Joshua Herman,11 Smith inlet; Marionberg; WN3 8HL,joshua.herman@hotmail.co.uk,+441632 960 692,226751
Danielle Foster,698 Margaret locks; West Graham; ME10 8LY,tracy71@hotmail.co.uk,(0909)8790568,316537
Kyle Morales,Studio 6; Melissa bypass; Russellborough; B29 4AH,kyle.morales@hotmail.com,(0909)8790031,129088
Brian Thompson,Studio 38l; Nicholson junction; East Barryville; N5B 3XP,stevenphillips@hotmail.com,(0121) 496 0170,408732
Heather Parker,686 Gavin creek; Port Cameron; B03 0YE,heather.parker@yahoo.com,+44191 496 0216,652945
Caleb Gray,22 Chloe mall; Wendyville; M90 5JH,caleb.gray@gmail.com,(01632) 960 337,443583
David Rodriguez,8 Kimberley estates; Ronaldtown; G9 2QB,david.rodriguez@hotmail.com,+44151 496 0792,302098
David Rowland,Flat 6; Lindsey squares; Port Raymond; S7E 4XL,david.rowland@yahoo.com,(0808)1570446,137648
Michelle Roberts,655 Lord hollow; New Lisa; DN0H 8YL,michelle.roberts@yahoo.co.uk,+44(0)1154960530,968103
David Miller,Flat 53u; Judith lakes; Jenningsmouth; G1C 5HZ,david.miller@gmail.com,01154960120,215365
John Rogers,Flat 50K; Aimee common; South Joseph; S5 4ZN,john.rogers@yahoo.co.uk,+44161 496 0613,704142
Joseph Allen,Studio 35f; Lloyd burgs; New Georgiashire; S9K 2SW,joseph.allen@hotmail.com,+441154960310,149804
Tracey House,Flat 96N; Dennis trafficway; North Ellieside; E4 7PU,tracey.house@hotmail.co.uk,0121 4960452,729447
Christopher Hogan,3 Chan cape; West Mauriceberg; S8H 2FZ,christopher.hogan@gmail.com,0121 496 0324,239942
Kimberly Mccarthy,Flat 29n; Shaw tunnel; New Eric; LS12 3ZU,kimberly.mccarthy@yahoo.co.uk,(0141) 496 0802,522157
Brian Raymond,Studio 51; Lauren shoals; Janiceland; EH5W 6HH,brian.raymond@yahoo.co.uk,+44(0)191 4960921,639004
Kevin Ward,655 Macdonald shoal; Tobybury; LL82 7GN,nicolebarnett@hotmail.com,(0141)4960733,767602
Michael Bradshaw,9 Roger prairie; Doddmouth; DN87 5BW,michael.bradshaw@outlook.com,(0118) 4960541,838008
Glen Johnson,7 Wright lodge; East Tony; CO8B 5RH,glen.johnson@yahoo.com,+4429 2018067,374568
Michael Brown,5 Heather summit; North Georgina; WV00 9GY,michael.brown@gmail.com,0115 496 0484,134732
Grace Cook,71 Cook mall; Abdulborough; SM21 7HQ,grace.cook@hotmail.com,01514960545,399088
Tiffany Carter,Studio 3; French junction; West Joshuamouth; CA86 5GQ,tiffany.carter@hotmail.com,01214960364,596233
Scott Espinoza,37 Wendy loop; Zoeberg; BN7 7QA,scott.espinoza@hotmail.com,(0115) 496 0319,288012
James Harrison,05 Anne glens; New Robin; G27 4RT,james.harrison@yahoo.co.uk,+44(0)121 496 0130,997938
Anthony Williams,2 Baxter pines; West Lawrenceville; M1 9NU,anthony.williams@hotmail.com,+44(0)151 4960428,580242
Alejandro Macias,Studio 66; Osborne ranch; North Lewis; E9F 2ZZ,vcarter@outlook.com,0306 999 0914,506073
Ruben Gutierrez,535 Janet knoll; Hopkinsland; N9 9ZT,ruben.gutierrez@yahoo.com,+44(0)1154960885,660161
Tina Morris,Flat 73S; Shirley trafficway; South Georgia; B6 9BU,tina.morris@gmail.com,+44114 4960680,509652
Bryce Leblanc,Flat 22n; Wong square; South Shannon; E64 3QB,bryce.leblanc@yahoo.com,0306 9990001,427763
Travis Rhodes,Flat 81; Shannon wall; Dylanberg; W99 9AP,xking@outlook.com,+44(0)1164960415,571677
Eric Williams,35 Charlton cliff; Lake Elliot; CH26 8JY,eric.williams@yahoo.co.uk,01214960710,398144
Elizabeth Cain,Studio 1; Luke curve; Gardnermouth; TA8 2TW,elizabeth.cain@yahoo.co.uk,(0151) 496 0200,318742
April Austin,Flat 03; Martyn cliffs; Nathanborough; CT1H 2YW,pollardmaria@yahoo.com,0909 879 0570,910941
Brandon Montes,Flat 11g; Turner valleys; Leahburgh; L9T 8BJ,brandon.montes@yahoo.com,(0113) 496 0530,450854
Alan Lowery,Flat 29U; Brandon meadows; Lake Jack; G1 0DP,alan.lowery@hotmail.com,(0306) 9990817,738945
Brandon Love,6 Scott radial; Thomaschester; HS28 6DQ,brandon.love@yahoo.com,0131 4960683,477559
Reginald Lamb,05 Smith oval; Smithhaven; G6 9RU,paul08@hotmail.com,01184960103,969813
Robert Robinson,Studio 61t; Vanessa cliff; Port Mark; W0 7NT,janetpatel@hotmail.co.uk,(0118) 4960312,982868
Richard Everett,Studio 0; Kerry parks; Williamsside; CV8 9RF,richard.everett@gmail.com,(01632) 960113,650690
Christopher Allen,Studio 64j; Edward skyway; South Mohammed; BN7 3RT,christopher.allen@yahoo.co.uk,+44116 496 0503,678766
Jason Stanley,9 Scott extensions; Ashleyhaven; M13 2YD,jason.stanley@hotmail.co.uk,01632 960005,219061
James Smith,Flat 24; Elliott common; Kimmouth; LU85 6EJ,duncan92@hotmail.com,+44161 4960313,903191
Matthew Shaw,72 Tina village; Jonesberg; NW3 7AH,xtalbot@hotmail.com,(0121)4960159,575840
Robert White,14 James grove; Nelsonside; RM1 9FZ,robert.white@gmail.com,(028) 9018 0562,288894
Jessica Mahoney,Flat 2; Marion ranch; New Frances; N88 5WQ,lewisbeth@hotmail.com,+44(0)808 157 0645,280612
Terri Carpenter,3 Kevin corner; Ashleighburgh; BB8V 1YD,terri.carpenter@hotmail.co.uk,+44(0)114 4960521,279565
Alexis Aguilar,46 Victoria trail; North Katiemouth; L4D 1FG,alexis.aguilar@yahoo.com,+44151 496 0446,604057
Mark Lamb,Flat 08W; Campbell ridges; North Brenda; AB05 7HU,gblake@gmail.com,+44306 999 0472,926927
Joseph Barrett,Flat 4; Read mews; Port Lewisstad; KA76 4JH,williamscaroline@hotmail.co.uk,0113 4960004,322282
Laura Olsen,Flat 2; Stephenson summit; North Jemmaton; BA92 5LN,rhys18@yahoo.com,0118 496 0418,927403
Thomas Thomas,4 Samuel village; New Cliffordfort; S5A 5LR,thomas.thomas@yahoo.com,0141 496 0160,185409
William Williams,56 Colin orchard; West Marilyn; PO7H 0ES,william.williams@gmail.com,0151 4960950,462844
Matthew Decker,6 Murray skyway; Phillipsberg; B5 4HW,matthew.decker@hotmail.co.uk,+44131 4960203,834032
Daniel Summers,Studio 61; Ellie extensions; Louisshire; TQ6R 4RQ,daniel.summers@hotmail.com,+4429 2018 0097,694994
Destiny Romero,Flat 52; Carolyn squares; South Timothytown; CV7 5RU,destiny.romero@yahoo.com,(0306) 9990376,526212
Ian Williams,Studio 9; Kelly mission; North Stewartborough; B6S 9RN,ian.williams@outlook.com,(0131) 496 0322,990856
John Martinez,27 Vincent trace; Jayside; CO85 2PJ,john.martinez@gmail.com,+44191 4960283,364011
Barry Russell,397 Mohammed radial; East Mitchellland; M56 9AJ,barry.russell@yahoo.com,+44(0)909 879 0212,348807
Michael Ayers,135 Ball ways; Hallside; KY9V 5EA,michael.ayers@outlook.com,+44117 4960207,361604
Steven Gordon,Flat 50; Hartley lights; Leeberg; DH4W 9SP,steven.gordon@hotmail.com,+441514960847,617535
Shawn Joseph,Studio 30; Walters grove; West Kathleenville; E8B 4LT,qwilliams@outlook.com,01314960251,281509
Elaine Hayes,950 Teresa square; Geraldport; IV3B 5QL,elaine.hayes@yahoo.co.uk,(0113)4960983,828303
Julie Hodges,93 Alex junction; Simonfort; CM37 3UA,julie.hodges@hotmail.co.uk,+441164960148,321329
Brian Harris,Flat 98; Cook camp; Antonyland; B3C 9AZ,brian.harris@hotmail.com,(029) 2018471,572053
Stephanie Stout,9 Dennis squares; West Lynne; S90 3SD,stephanie.stout@hotmail.co.uk,+44(0)161 4960121,286381
Christopher Dorsey,Studio 11O; Charlene green; West Mohammadtown; IM47 9DA,christopher.dorsey@yahoo.co.uk,09098790988,736635
Stanley Lopez,638 Bartlett shores; West Bethstad; B0 0NJ,stanley.lopez@hotmail.com,+448081570151,242752
Andrea Gilbert,Studio 61; Jones village; Tinamouth; RM5 6UZ,andrea.gilbert@hotmail.com,+44(0)131 496 0948,598617
Michael Robinson,70 O'Sullivan locks; East Annchester; LN07 9ZX,michael.robinson@outlook.com,(020)74960809,922183
Andrew Simon,Flat 8; Smith square; South Louisbury; W65 0BN,andrew.simon@hotmail.co.uk,(0191) 4960366,128553
Glenn Bryan,Studio 82; Jane ferry; Port Russellland; N8G 4AB,glenn.bryan@hotmail.com,+44(0)306 9990545,885409
Theresa Weaver,55 Phillip rapids; Lake Megantown; BB75 6NA,theresa.weaver@yahoo.co.uk,0114 496 0671,215468
Raymond Rodriguez,Studio 85C; Wright road; New Kayleigh; L65 1QJ,raymond.rodriguez@outlook.com,+443069990957,519337
Kathy Thomas,Flat 19T; Cooke ferry; Lake Sean; M86 2FB,kathy.thomas@yahoo.com,+441632 960757,851380
Megan Ramirez,17 Smith flat; South Howard; PL7W 4ZY,megan.ramirez@gmail.com,0118 496 0515,586970
Julia Bray,Studio 8; Farrell neck; North Bryanstad; PE78 7SB,harry32@hotmail.co.uk,(0114) 4960948,174266
Scott Barber,2 Moore viaduct; Wallacefort; G2E 9QZ,bernard98@gmail.com,+44(0)115 4960241,665668
Angela Howell,5 Smith highway; New Joanview; AL43 3TF,angela.howell@hotmail.co.uk,+44(0)151 496 0357,882886
Mia Larson,Flat 32; Sheila rapids; Evansmouth; MK2P 2GF,claireroberts@yahoo.co.uk,+441174960906,669096
Leslie Rocha,Studio 73A; Kieran shoal; Lake Valerieshire; WF2X 3XH,leslie.rocha@gmail.com,(01632)960135,978147
Nathan Benson,Flat 8; Holland divide; Smithberg; S8D 6XH,nathan.benson@gmail.com,+44(0)113 496 0941,802836
Heather Evans,Flat 0; Cameron estates; South Mohamed; AL5 7GJ,heather.evans@gmail.com,0121 4960531,128263
William Hays,Flat 97e; Patel place; Longville; S98 5FL,william.hays@outlook.com,(0909) 8790486,734227
Jennifer Brown,Studio 94; Nicholas inlet; East Gemmaview; TF5 5AR,jennifer.brown@outlook.com,(0151) 4960257,226610
Alexander Rodriguez,Studio 0; Marilyn expressway; Lake Howard; B91 4TN,alexander.rodriguez@gmail.com,+44(0)191 496 0549,360523
Tricia Wilkinson,Flat 27; Samuel island; Oliviaton; FY5M 7GB,tricia.wilkinson@gmail.com,0289018096,784524
Melissa Robinson,149 Anthony turnpike; New Alanside; CF1 4UD,melissa.robinson@yahoo.com,+44141 4960905,275110
Ryan Nguyen,7 James flats; Yvonneville; B8E 2YS,ryan.nguyen@yahoo.com,029 2018 0322,663624
Wendy Harper,Studio 28K; Aimee turnpike; East Abbie; W93 3PL,wendy.harper@gmail.com,(0909)8790905,980136
Brett Martin,14 Banks rest; Williamschester; M4S 6XJ,brett.martin@outlook.com,+44(0)191 496 0498,362917
Nicole Clark,Studio 91m; Eileen mountains; Middletonville; YO98 7PW,nicole.clark@hotmail.com,+44(0)191 4960597,425989
Ricky Hester,Studio 55l; Robin mountain; West Paul; B5W 0ZZ,ricky.hester@hotmail.co.uk,(0131) 496 0141,342168
Tara Salas,404 Singh lights; Edwardstown; NW73 0WU,tara.salas@outlook.com,(0191) 496 0844,443807
David Anderson,Studio 52E; Miller falls; New Leigh; W8B 7ZW,david.anderson@outlook.com,0151 4960362,396794
Chelsea Mays,Studio 82f; Henry falls; East Lewis; HP3 7JD,chelsea.mays@yahoo.com,01134960333,661619
Robert Davis,8 Smith ford; Parkerstad; L1J 8JQ,robert.davis@outlook.com,+441164960990,351866
Aaron Delacruz,Studio 75; Marc shoal; Lake Sandrahaven; L6 7XQ,aaron.delacruz@gmail.com,+44118 4960327,262706
Melissa Burnett,8 Robinson knolls; Griffithsmouth; CH7 1HY,melissa.burnett@yahoo.co.uk,+44(0)117 4960621,377773
Jessica Lewis,4 Alice stravenue; Gouldmouth; S1W 8ED,jessica.lewis@outlook.com,+44115 4960089,878982
Christopher Hernandez,Studio 49; Maureen neck; Charlotteshire; B62 9WU,christopher.hernandez@gmail.com,+44909 879 0794,980672
Joshua Hancock,781 Luke cove; Leslieside; M0 7XL,joshua.hancock@hotmail.co.uk,+4429 2018 0478,415217
Kenneth Cardenas,Flat 72; Martin highway; Garryburgh; B3 6BA,kenneth.cardenas@gmail.com,+44(0)113 496 0282,299983
Wayne Thompson,8 Doyle overpass; Gouldberg; HP3 5RZ,wayne.thompson@gmail.com,+44114 496 0971,870159
William Morris,Flat 8; Vanessa underpass; South Richardfurt; PH27 0QB,ryanleslie@yahoo.com,+44(0)114 4960005,893671
Scott Mccoy,Flat 70; Stewart expressway; North Stephenland; S5 8YF,hunternicole@gmail.com,+4428 9018151,505514
Gregory White,Studio 40a; Ronald forks; Lake Beth; N9 0XU,gregory.white@hotmail.co.uk,+44(0)191 496 0426,240199
Brett Landry,4 Craig haven; Dennisshire; W5 1ZY,brett.landry@hotmail.com,+44(0)1214960300,317899
Sara Carson,14 Julie throughway; North Margaretland; N57 2LE,wevans@hotmail.com,0141 496 0862,254052
Jennifer Cook,61 Norman drives; Lake Charleneberg; NR4M 2YG,jennifer.cook@hotmail.com,(0131)4960497,845078
Tina Fields,74 Davies walk; Thomasville; CT23 6TT,connorjames@gmail.com,+4428 9018 0875,297515
Amanda Rubio,43 Jason shoals; East Kellybury; N7F 4UU,amanda.rubio@outlook.com,(0118) 4960330,429908
Dominique Williams,Studio 14; Andrea crest; Port Lorraine; G28 7QX,dominique.williams@hotmail.co.uk,+44(0)151 4960438,545381
Danny Hale,64 Amy shores; West Ronald; JE7 9SN,danny.hale@gmail.com,(0114)4960235,169007
Sherry Cline,8 Douglas alley; East Yvonne; TF7M 9YB,sherry.cline@hotmail.com,+44(0)191 496 0757,820970
Robert Hall,55 Brown square; Harrisshire; SR4 3JD,robert.hall@yahoo.co.uk,+44(0)1144960215,907685
Kelly Wall,998 Cross street; Youngchester; DD1 4BZ,vstevens@hotmail.co.uk,0116 4960049,499951
Lisa Cook,Studio 53; Lewis avenue; Lake Maureentown; S4B 9SH,lisa.cook@yahoo.co.uk,(020) 7496 0040,997509
Timothy Garcia,0 Max mountain; West Lorraine; GY1 5JF,timothy.garcia@gmail.com,+44117 4960455,154678
Thomas York,390 Hayward fort; Lindseymouth; IP4 1AE,thomas.york@gmail.com,+4428 9018 0416,112552
Joseph Huynh,Studio 9; Ellie lake; Elizabethville; CF43 8UN,joseph.huynh@hotmail.com,(0115)4960275,684783
Troy Tucker,Studio 4; Victoria walk; South Rebeccafort; W30 4QU,troy.tucker@outlook.com,+44(0)1164960255,169141
Chase Wheeler,Studio 75; Evans squares; Turnerport; FK4N 4DH,chase.wheeler@gmail.com,0808 1570087,162363
David Hawkins,056 Maria fork; East Brett; KT2 8NW,dwarren@yahoo.co.uk,+449098790127,663648
Sandra Green,313 Lynn highway; Richardberg; G0 0NX,sandra.green@hotmail.com,+44(0)115 4960563,663543
Paul Young,4 Parker drives; Lake Ryantown; DT6R 9TB,paul.young@gmail.com,+4420 74960223,265446
Jody Payne,Flat 24; Carol rest; Jeffreymouth; N7D 0JY,jody.payne@hotmail.com,+44(0)306 9990476,758990
Jordan Bolton,Studio 6; Thomas manors; Parsonsmouth; WV24 7WZ,jordan.bolton@outlook.com,(0909) 879 0248,316551
Tony Davila,Flat 88; Adams lane; Lake Charles; DE75 8BZ,tony.davila@yahoo.co.uk,+44118 4960589,881628
Tiffany Hunt,Flat 81; Bentley lock; West Jill; DL05 5SB,tiffany.hunt@outlook.com,+449098790274,670624
Jennifer Esparza,Studio 01; Owen square; North Hilaryshire; L72 7XE,jennifer.esparza@outlook.com,0151 496 0234,946486
Amanda Hughes,99 Knight throughway; West Antony; M9G 9YY,amanda.hughes@outlook.com,0115 496 0234,980945
Jessica Turner,Studio 6; Rachael ramp; Stevensonland; DY4 0XG,jessica.turner@yahoo.com,+44191 496 0565,608293
Mary Potter,Studio 6; Lee track; East Dylanview; TA5 1SN,jsmith@hotmail.co.uk,(0909) 879 0510,781162
Sarah Jones,85 Hussain springs; Port Helenport; ST2 3HG,sarah.jones@yahoo.co.uk,+44161 4960580,325769
Debra Wilson,Flat 84; Liam harbors; Yvonnestad; E7 4HY,debra.wilson@hotmail.com,+44(0)118 496 0739,305478
Danielle Kennedy,9 Singh mountain; Joanville; M7 9FN,danielle.kennedy@outlook.com,01144960453,490850
Heather Smith,5 Sara rue; Georgiaberg; NN1 6WG,abbie30@yahoo.co.uk,03069990343,944459
Meagan Wood,92 Davidson branch; East Mary; LD3H 1XJ,meagan.wood@gmail.com,(0116) 4960696,593564
Robin Lewis,Studio 1; Morgan viaduct; Rachaelbury; WC9 8BU,robin.lewis@hotmail.co.uk,+44(0)1134960407,335241
Michael Ponce,326 Kemp isle; New Samberg; N89 2YR,michael.ponce@yahoo.com,0121 496 0085,731186
Matthew Foster,Studio 5; Brett bypass; New Marilynberg; M7 7TS,matthew.foster@yahoo.com,(0131) 496 0005,820789
Stephen Cook,Studio 89; Marc estates; Darrenside; L5 0WG,geoffreybarton@yahoo.co.uk,+44115 4960040,601185
David Stevens,040 Debra circles; Smithbury; N1 5TJ,qphillips@outlook.com,0117 496 0389,824331
Timothy Schroeder,0 Smith park; East Lynn; LS95 5PS,xbaxter@yahoo.com,+44161 4960975,815878
Shawn Adams,8 Johnson meadows; East Sheilamouth; N8A 8XH,shawn.adams@yahoo.co.uk,+44131 4960359,222268
Patricia Ramos,400 Palmer islands; New Abbie; B19 4JS,patricia.ramos@gmail.com,+44(0)1164960225,352219
James Ward,38 Edward vista; Rogerview; E3G 1WZ,clare88@hotmail.co.uk,+44(0)151 496 0248,665380
Carla Perry,033 Marc meadows; Owenside; CT45 2GT,josephhill@yahoo.com,(029)2018188,504799
Robert Stone,66 Kathleen branch; North Carolineville; DH7 2YH,robert.stone@gmail.com,(0114) 496 0069,908518
Rachel Larson,874 Wilson springs; Richardfort; NN0A 7ZX,rachel.larson@gmail.com,+44289018126,657594
Jennifer Mcbride,Flat 1; Molly dale; Marcmouth; YO6B 4QZ,jennifer.mcbride@yahoo.co.uk,+442074960492,924104
Damon Patterson,Studio 39; Evans prairie; Jacobfurt; L8K 8GG,juliejones@hotmail.com,028 9018108,168072
Phillip Paul,Flat 77; Stephanie garden; Graemehaven; N5 0WP,phillip.paul@hotmail.co.uk,028 9018 0039,554599
Andrea Holmes,Flat 7; Kim haven; Brownshire; WV2M 5ET,andrea.holmes@hotmail.com,(0151) 496 0755,124100
Dana Allen,020 Jones cove; Lake Hazel; CB9 3RY,dana.allen@hotmail.co.uk,+44116 4960846,346328
Aaron Miller,Studio 54Z; Ali squares; Wheelerchester; FK9 2GQ,aaron.miller@gmail.com,+44131 4960810,926180
Jose Mann,Studio 21; Butler wall; East Victormouth; WS3 9PL,jose.mann@gmail.com,(0118)4960918,241269
George Chase,Studio 2; Melanie terrace; Lake Markborough; S2C 7BL,bruce34@gmail.com,+44(0)114 4960433,883739
Jacob Olson,57 Hyde run; Matthewstown; TW49 8PN,jacob.olson@yahoo.com,+44(0)3069990378,515030
William Bailey,Studio 35; Lorraine springs; Port Rosieshire; M7 8TJ,william.bailey@outlook.com,0114 4960139,863280
Maria Rogers,Flat 0; Francesca expressway; East Rachaeltown; S9 8WW,maria.rogers@gmail.com,0115 4960868,992035
Jessica Davis,7 Banks burg; Elizabethville; EX3H 3WJ,garydunn@hotmail.com,+44(0)1144960020,774262
Christopher Miller,3 Jones shores; South Andrew; S1D 7QZ,christopher.miller@yahoo.co.uk,029 2018895,339456
Nathan Williams,0 Fisher spur; East Bernardton; M6C 9DU,nathan.williams@yahoo.co.uk,(029) 2018 0063,596570
Laura Zhang,Flat 6; Carolyn inlet; Abbiehaven; FY71 7RH,wilsonclare@yahoo.co.uk,(0117)4960490,378449
Sarah Daniels,Studio 37; Karen plains; East Conor; LS1H 5QP,sarah.daniels@gmail.com,0151 496 0310,702368
Zachary Patterson,Flat 01; Benjamin mountains; Baldwinfort; CR49 7EN,zachary.patterson@outlook.com,+44(0)121 496 0758,120455
Thomas Jenkins,Flat 4; Leslie shore; West Valerieland; B84 8TX,thomas.jenkins@hotmail.co.uk,+44(0)909 8790891,729165
Stephanie Graham,212 Lane drives; Powellfurt; S14 6DU,atucker@hotmail.co.uk,0115 4960284,830537
Nicholas Martinez,Studio 01t; Smith plaza; North Victorhaven; S89 0BB,nicholas.martinez@gmail.com,+44(0)1914960906,916331
Christian Phillips,Flat 42K; Davis row; North Max; N7B 9PE,christian.phillips@outlook.com,08081570068,959482
Jeremy Cardenas,Studio 71; Robert park; Angelaport; GU0 5ZF,jeremy.cardenas@gmail.com,(0118) 4960523,263131
Dana Hill,9 Carol skyway; East Mohammed; E3A 5AA,dana.hill@hotmail.co.uk,+44(0)161 4960548,570118
Kristin Brown,Studio 70; Richardson way; Kieranview; E1D 1LZ,kristin.brown@gmail.com,01134960842,518363
Joseph Hensley,Flat 76; Holly wall; Port Sheila; ME7 2AB,alicolin@gmail.com,03069990309,542137
David Price,63 Jones drives; Smithfurt; LD37 3HD,murraymathew@yahoo.co.uk,01174960155,689900
James Blair,71 Swift camp; Lake Adamport; N84 6SS,rburrows@outlook.com,+441154960079,633302
Gabriel Smith,3 Melissa inlet; Jaynehaven; SK38 5RF,pmahmood@gmail.com,+44(0)306 999 0134,286198
Andrea Harris,34 Julian cove; Simpsonville; SL03 0XG,andrea.harris@hotmail.com,+44(0)116 4960292,467576
Daniel Anderson,43 Anne cove; East Robertstad; S98 6AJ,cookphillip@hotmail.com,0151 496 0400,703491
Rachel Williams,42 Jake shoals; East Elliot; YO80 3WU,julieyates@hotmail.com,+44(0)118 4960391,897632
Jason Bullock,Flat 9; Stacey lake; North Katherine; KW0 4EB,jason.bullock@gmail.com,+44808 157 0208,200336
Linda Owens,15 Karl overpass; Bondbury; DG0 3AP,linda.owens@hotmail.com,(028) 9018 0123,635403
Allen Carroll,Studio 77; Jones union; Harrisonland; B5 8YE,allen.carroll@gmail.com,01632960187,403760
Christopher Knapp,Flat 25; Lynne pine; New George; WD2H 3FG,christopher.knapp@yahoo.co.uk,+44117 4960187,654311
Johnathan Shannon,Studio 32f; Walker meadows; Angelaview; HG92 8DL,johnathan.shannon@hotmail.co.uk,+44(0)808 157 0020,572795
Michael Cabrera,5 Lee light; Port Jacob; G6 2ZP,michael.cabrera@yahoo.com,+44(0)161 4960472,991446
Timothy Jefferson,844 Whittaker ferry; Harrisshire; G74 6WE,taylorbrenda@hotmail.co.uk,+44(0)1184960061,476579
Jacqueline Page,831 Evans common; Singhside; RH20 5YY,jacqueline.page@hotmail.com,+44306 9990071,501424
Jessica Williams,8 Terry mountains; East Nicolaborough; W13 6JZ,jessica.williams@hotmail.com,+4428 9018561,913965
Dennis Roberts,669 Harry bridge; North Josephine; S1 4GJ,dennis.roberts@gmail.com,(0117) 496 0689,449819
David Morris,Flat 10; Carolyn prairie; Port Mariashire; E7C 6HB,gharris@yahoo.co.uk,+4420 7496 0761,395639
Carolyn Shepherd,Studio 75; Metcalfe pines; East Ameliachester; E8 4AT,carolyn.shepherd@hotmail.co.uk,+44(0)118 496 0003,386331
Michael Mckinney,94 Brown plains; South Adrian; DA7 2UQ,michael.mckinney@hotmail.com,(0306) 999 0321,743296
Samantha Jackson,Studio 59j; Valerie circle; North Abbieville; KW8Y 6BF,samantha.jackson@yahoo.com,0292018898,625391
Derrick Baker,Flat 0; Ashleigh circle; Port Alexander; MK6N 9TA,derrick.baker@gmail.com,+44(0)1134960732,342402
Kevin Shaw,4 Marshall manors; North Neilside; HG57 4PP,kevin.shaw@hotmail.co.uk,+44(0)117 4960423,787989
Mary Brown,Flat 07; Parker pines; Taylortown; L4 9DA,sophie60@yahoo.com,+44(0)808 157 0596,389211
Christopher Rose,Studio 06W; McLean crescent; Karlview; PO18 3NX,marion30@yahoo.co.uk,+44(0)117 496 0939,944584
David Goodwin,91 Carolyn plains; Seanfurt; SL61 1LG,david.goodwin@yahoo.co.uk,01164960953,300003
Carol Simon,Flat 64D; Smith tunnel; New Michelleside; G3U 6HU,carol.simon@hotmail.com,+44116 496 0773,307641
Calvin Wilkins,Studio 97y; Owen hills; West Antony; M0W 3ZH,calvin.wilkins@gmail.com,0118 496 0638,349800
Adrian Vazquez,53 Francis corners; New Norman; WD40 3HW,adrian.vazquez@gmail.com,(0306) 999 0306,931769
Andrew Miller,Studio 47D; Gail junction; Matthewsmouth; G33 0GS,andrew.miller@outlook.com,(0116)4960501,963644
Michelle Cervantes,8 Dickinson highway; Patriciastad; SG5 1SH,rburns@hotmail.co.uk,+44141 4960330,152928
Karen Ellis,2 Rice hills; Georgestad; S58 6QF,karen.ellis@yahoo.com,(0909)8790859,971613
Diana King,Studio 8; Kenneth curve; New Geraldine; TD8 5ZJ,diana.king@hotmail.co.uk,+441514960858,182205
Donna Cook,1 Clarke heights; Jaynetown; W9 3AT,rturner@hotmail.com,(028)9018482,250368
Kimberly Brown,5 Ben roads; North Joanna; G15 8PY,kimberly.brown@yahoo.co.uk,+44808 1570202,681089
Donald Warren,87 Pearce forges; Sandersshire; DA8E 4ZB,donald.warren@yahoo.co.uk,+44(0)131 4960728,777709
Brittany Phelps,Studio 89; Ashleigh bypass; North Kylechester; L3T 3JD,brittany.phelps@yahoo.com,0117 4960712,991686
Stacy Burke,Flat 96n; Samantha ways; Lake Katherine; N7T 2NN,stacy.burke@gmail.com,(0116) 496 0193,671942
David Nixon,Flat 9; Rhodes cliff; Lake Dominicshire; L0A 3QH,stuart12@yahoo.co.uk,+44306 999 0875,166791
Margaret Nguyen,Flat 49; Dyer fords; Lake Louis; GL83 0TJ,molly60@hotmail.com,+44(0)116 4960701,780345
Theresa Anderson,Flat 54F; Josephine islands; Marshalltown; N2 1JH,gwood@yahoo.co.uk,(020) 7496 0623,628899
Aaron Williams,1 King lodge; Port Traceymouth; IM4 1BZ,aaron.williams@yahoo.com,+44131 4960085,380646
Erica Bass,808 Dennis turnpike; North Guy; E6B 4RS,erica.bass@gmail.com,(028) 9018165,799865
Madeline Mendez,8 Harding vista; Jordanside; NW3 4ES,benjaminwood@yahoo.com,+44114 496 0834,328349
Antonio Clark,784 Roberts harbor; Smithbury; W19 8JR,antonio.clark@yahoo.co.uk,+44(0)113 4960542,959978
Whitney Ward,0 Newman creek; Sophieton; N9 1TS,whitney.ward@hotmail.com,+442074960723,401793
Stephanie Waters,Studio 61; Begum causeway; Shaneport; DE2P 8FB,stephanie.waters@yahoo.co.uk,+44(0)1134960834,689879
Valerie Kelly,Flat 39L; Katy burg; Trevorchester; FK19 4GY,valerie.kelly@yahoo.co.uk,+441214960572,745409
Dennis Hill,52 Tony mountain; Davidsonfurt; S16 3AN,dennis.hill@yahoo.com,+44116 496 0307,153793
Carl Brown,155 Fiona rapids; Deanhaven; S4 9QP,carl.brown@hotmail.com,0121 4960666,847482
James Greene,594 Raymond mews; North Francis; GL7B 3LQ,james.greene@hotmail.co.uk,0151 4960443,560011
Tina Bradford,93 Yvonne springs; South Donaldshire; IM2N 6HP,tina.bradford@hotmail.co.uk,0121 4960610,629298
Donald Williamson,456 Smith trafficway; Cookechester; WS0 6HH,donald.williamson@hotmail.com,02074960328,533188
Mandy Porter,Studio 84; Donna coves; Port Robertfort; LN5P 4EA,mandy.porter@outlook.com,01134960391,727662
Melissa Wilson,76 Jones lakes; Dominicbury; LE6E 3AX,melissa.wilson@hotmail.co.uk,+44(0)1154960302,307058
Roy Thomas,Studio 7; North cape; Fosterland; S75 4EX,roy.thomas@yahoo.co.uk,+44121 496 0763,115049
Eric Moore,Studio 0; Pearson mountains; Henryville; N4 5FP,eric.moore@yahoo.co.uk,(0117) 4960750,284306
Cynthia Jackson,Flat 91o; Gardner ridges; Jameshaven; CW73 4DP,cynthia.jackson@yahoo.com,+449098790323,605174
Ronald Hunt,287 Glen point; East Melissa; L54 8UE,ronald.hunt@gmail.com,+44(0)115 4960192,652110
Paul Lee,27 Allan mountain; Robinsonshire; WS9 0RY,paul.lee@gmail.com,0114 496 0201,419826
Joshua Williams,6 Nicholas lake; Damienborough; CA5A 6YB,joshua.williams@hotmail.com,(0151) 4960792,701861
Jenny Reynolds,Studio 6; Riley fall; Lake Saratown; W6H 0YF,vrose@gmail.com,+44(0)8081570164,668242
Carlos Herring,Flat 96x; Rita extension; Frostside; W72 1YF,carlos.herring@yahoo.com,(028)9018401,846423
Sarah Jackson,Studio 37a; Lee ridges; Lake Max; B8F 3UF,sarah.jackson@gmail.com,+44(0)28 9018 0647,662086
Kevin Morrison,1 Lewis forge; Archerport; B65 4XQ,kevin.morrison@yahoo.co.uk,(0114) 496 0923,347969
Cynthia Aguilar,Studio 85K; Stuart locks; Wadeville; E02 5EW,cynthia.aguilar@outlook.com,+44(0)1632 960617,718451
Larry Foster,Flat 69; Jones squares; Andersonland; WA07 0EE,larry.foster@gmail.com,0909 8790008,204047
Mary Campos,108 Lynn islands; Port Katie; N5 0LS,tjones@gmail.com,(0117)4960586,886957
Sylvia Sanchez,87 Kay harbor; Lake Angela; WC9 6WT,sylvia.sanchez@yahoo.com,+44(0)1632 960 169,444418
Jacob Riley,36 Dawn courts; Meganburgh; N9C 8XQ,jacob.riley@yahoo.com,+44(0)1134960663,321883
Brenda Adams,2 Henry inlet; North Gemmachester; DE5 1LQ,brenda.adams@gmail.com,+44(0)1134960091,146953
Samuel Reeves,Flat 02; Janice creek; Mitchellchester; N0D 9EN,samuel.reeves@hotmail.com,+44(0)1184960767,951822
Sheila Nelson,2 Ahmed common; Hughestown; HS6E 1TQ,amyatkins@yahoo.com,0292018843,353397
John Jarvis,Studio 79; Griffiths dale; West Antony; G1T 5FJ,barnesbrian@hotmail.co.uk,0808 157 0142,428379
Kimberly Carlson,2 Williams mountain; Dominicmouth; CF4X 7XG,kimberly.carlson@hotmail.com,+44116 4960645,119229
James Johnson,09 Griffiths green; Lake Samfort; M2 4UQ,nlynch@outlook.com,+44(0)292018480,430466
Donna Shelton,809 Emily ferry; Lake Vanessa; AB69 7GU,janebaker@hotmail.com,+441632 960 529,363178
Jose Brown,Studio 5; Bradley estates; Lake Nathanstad; DT25 5QL,jose.brown@gmail.com,(029) 2018 0876,248025
Julie Phillips,Studio 03L; Antony ports; Butcherchester; W1 9DY,julie.phillips@yahoo.co.uk,(0121)4960971,300383
Brett Cardenas,53 Barbara branch; Williamsberg; M31 2UZ,clarkeirene@gmail.com,0161 496 0826,671041
Jeffrey Moore,Studio 6; Marc crossroad; North Annetteport; M4 9AU,jeffrey.moore@yahoo.com,(0114) 496 0336,810092
Thomas Gaines,07 Doyle spurs; North Rachel; KT5H 6GG,thomas.gaines@hotmail.com,0306 9990834,884832
Jerry Torres,Studio 8; Owen green; Port Reece; HA18 7HF,jerry.torres@yahoo.co.uk,+44117 496 0900,177767
Matthew Lewis,5 Roberts gateway; Coxmouth; L0 9UT,matthew.lewis@hotmail.co.uk,+4420 7496 0161,131118
Matthew Morrow,Flat 9; Craig junctions; Wrightview; M40 6NQ,zgoddard@yahoo.com,+44115 4960488,535599
Douglas Owens,214 Geoffrey glens; East Alexander; N9 8LQ,douglas.owens@hotmail.co.uk,+44(0)121 496 0727,526183
Caitlin Torres,0 Potter parks; Port Neilmouth; GU08 6PR,caitlin.torres@yahoo.com,+44(0)28 9018 0729,475400
Tiffany Lewis,Flat 84b; Claire row; Grayberg; B1 5GE,connor29@outlook.com,+44(0)808 1570828,906143
Kevin Gray,Flat 29; Hussain ridge; Reedmouth; E18 3PB,kevin.gray@outlook.com,+44191 4960370,643844
Alison Garcia,7 Clifford roads; Port Frances; NE7W 3JX,alison.garcia@hotmail.com,(0191) 4960150,566610
Michael Ware,Flat 31p; Sanderson village; Port Susanmouth; LS1 5LJ,michael.ware@yahoo.com,(0115) 496 0099,914479
Nicole Palmer,53 Lees circle; Port Diane; E0E 9WH,nicole.palmer@gmail.com,+44(0)909 879 0248,302136
Erin Blackwell,Flat 29; Joanne plaza; Teresafurt; ZE2V 1DP,erin.blackwell@yahoo.com,+44909 8790533,253873
Emily Higgins,88 Caroline loop; Taylormouth; N7D 1SL,ahmednathan@yahoo.co.uk,(0117)4960314,390404
Melissa Smith,Flat 98w; Holloway lakes; Taylorton; M11 7AQ,melissa.smith@yahoo.co.uk,+44(0)118 4960821,649706
Thomas Stevens,Flat 1; Abbie creek; Port Natalieberg; B5 3GX,thomas.stevens@gmail.com,+44(0)1164960573,508268
Tony Brown,Flat 15; Parker overpass; Suzannefort; LD9E 8FN,tony.brown@gmail.com,+44(0)20 74960906,377914
Stephanie Garza,886 Jones trafficway; Lindamouth; L25 2NG,jonesnorman@yahoo.com,+44(0)1164960468,509840
Alexandra Jones,Flat 96x; Miles stravenue; Duncanview; BR31 8PA,alexandra.jones@yahoo.com,+44(0)191 4960693,601373
Michelle Bonilla,Studio 22J; Lynda lock; Port Wayneborough; SW4 9AE,michelle.bonilla@outlook.com,(0118) 4960091,365663
Jose Knight,Flat 82; Hugh islands; Andrewshaven; NG7H 2DE,jose.knight@gmail.com,+44(0)1144960921,326365
Keith Valencia,Studio 7; Price plain; Craigmouth; L7U 3DD,keith.valencia@yahoo.co.uk,+44116 4960303,665395
Ryan Patterson,Flat 8; Brookes lodge; Houghtonchester; DA2 4ZD,katiemiller@hotmail.com,+44(0)1134960316,342857
Joshua Johnson,Studio 8; Clark rapid; Smithville; SM9 7NZ,joshua.johnson@yahoo.co.uk,(0131)4960728,155591
Brad Caldwell,Flat 30; Victor drive; East Lesley; EC2 3GP,brad.caldwell@gmail.com,0141 496 0152,670227
Jessica Jones,Flat 43; Brennan burgs; Darrenport; RG9 5YD,jessica.jones@yahoo.com,+44191 496 0042,486338
Michele Carter,0 Maria pine; Olivermouth; L4T 8AU,michele.carter@gmail.com,0113 4960903,425345
Grant Gomez,2 Adrian landing; Dianeberg; SL8 2YW,grant.gomez@yahoo.com,+44(0)1632 960 115,316377
Andrew Roy,Flat 4; Harding dale; Matthewberg; E4K 9BY,andrew.roy@yahoo.co.uk,+44118 4960349,852942
Michael Banks,Flat 43Q; Brown stream; South Rebeccaland; OX54 2XP,michael.banks@hotmail.co.uk,02074960774,212368
Alyssa Aguirre,Flat 40; Adrian islands; East Chelseaborough; AL4 3HE,simonevans@gmail.com,+44(0)306 999 0260,806559
Linda Contreras,Studio 7; Bell flat; Lake Dianahaven; CW78 4LX,linda.contreras@gmail.com,(0909) 8790349,472950
Brandi Oneal,Flat 71a; Declan ports; Kimberleyburgh; L4 5RE,fmorton@outlook.com,+44117 4960587,453028
Henry Edwards,3 Leanne rest; Lake Joanne; DA3H 7FZ,justinjohnson@outlook.com,(0141)4960706,910607
James Brown,326 Woods common; Nicolamouth; M9S 1HP,james.brown@hotmail.com,01214960398,186398
Kelly Arellano,45 Anderson manor; Lake Catherine; SS2H 6YF,kelly.arellano@gmail.com,(0114)4960905,786712
Tracey Ford,5 Gardner plains; Port Fiona; SW4 6RJ,tracey.ford@hotmail.co.uk,(0161) 496 0492,886509
Nicholas Randall,55 Jenkins wells; South Tracyberg; B99 5FD,nicholas.randall@hotmail.co.uk,01214960994,573245
Matthew Boyd,Flat 16G; Danny burg; Whiteborough; SR4 8ZJ,matthew.boyd@gmail.com,+44(0)1174960708,303647
Andrew Smith,726 Brown cliffs; West Olivia; IV49 0LQ,andrew.smith@yahoo.com,+441514960298,952568
Eric Johnson,021 Naylor haven; East Alexandraland; TR3X 8XS,vsingh@hotmail.com,(0151)4960923,946667
Vanessa Hodges,503 Kaur passage; West Rhysmouth; S5D 7UL,harryhale@yahoo.co.uk,0114 4960121,265713
Ashley Wilson,786 Conor corner; Smithburgh; DA25 6FS,ashley.wilson@gmail.com,(028)9018465,581578
Curtis Gillespie,Studio 4; Russell drives; South Iain; PE4P 6RY,curtis.gillespie@gmail.com,+44114 4960839,432616
Steven Webb,7 Irene greens; Christineburgh; E0W 8ZG,steven.webb@yahoo.com,020 74960672,778077
Jeffrey Leon,Studio 66; Fitzgerald shore; Mohammedmouth; EH1 1HB,jeffrey.leon@hotmail.com,028 9018 0493,494693
Kimberly Frank,Studio 76; Skinner island; Derekberg; HX0P 4ZE,kimberly.frank@outlook.com,(020)74960832,478580
James Chavez,Flat 93Z; Hancock inlet; Kathleenville; GU2A 3TU,james.chavez@yahoo.co.uk,+44(0)115 496 0533,512157
Bailey King,Studio 24; Jenna point; Jeanborough; DN32 8YQ,bailey.king@yahoo.co.uk,0161 496 0482,503545
Shawn Dunlap,2 Rachel green; West Rebeccaton; L9H 3YD,shawn.dunlap@yahoo.com,+441632 960 276,533213
John Bailey,341 Gould roads; Lake Dianemouth; E9C 9ZP,john.bailey@hotmail.com,+4428 9018 0279,966588
Dominic Green,Flat 28j; Janet mountain; Tonyburgh; S5 4QN,dominic.green@gmail.com,028 9018713,860202
Mark Jones,Studio 51; Patel cliffs; Port Dylan; CO0V 7GR,mark.jones@yahoo.com,+44121 4960464,340779
Deborah Gutierrez,632 James knoll; Sheppardburgh; L7S 9JH,katymurphy@yahoo.co.uk,01134960910,304963
Justin Miranda,0 Shaun court; Gilbertland; BR52 4RA,justin.miranda@yahoo.co.uk,01144960335,631298
Michael Mccoy,64 Hardy valley; Lake Timothybury; DG15 5AL,michael.mccoy@hotmail.co.uk,+442074960177,586201
Kimberly Morrison,Flat 9; Kate bypass; Weststad; N2 7YW,kimberly.morrison@outlook.com,+442074960827,947095
Michelle Sims,177 Adrian viaduct; Stanleytown; KW75 8ZN,stuartthomas@hotmail.com,+44(0)121 496 0937,692993
Mariah Walker,Flat 4; Manning greens; Annfort; E1E 0ZN,macdonaldjamie@hotmail.com,0131 4960961,113435
John Gibson,Studio 31d; Hopkins rest; East Rossmouth; KT65 7JX,john.gibson@hotmail.com,0116 4960697,152996
Julie Lopez,647 Amy mission; West Gregoryview; RM0E 8YR,julie.lopez@outlook.com,+44(0)1154960782,367365
Sarah Ryan,Flat 27; Foster knolls; Bernardmouth; M97 7QJ,sarah.ryan@hotmail.co.uk,+44(0)20 7496 0442,830402
Christopher Smith,574 Ford turnpike; Smithstad; B3 5FN,christopher.smith@yahoo.co.uk,0161 4960061,559819
Jeffery Johnson,Flat 7; Rita loaf; Charleneside; N9 3UZ,jeffery.johnson@hotmail.co.uk,01614960394,815802
Reginald Clayton,59 Mandy well; Port Stewart; G7S 3BJ,reginald.clayton@hotmail.com,+44(0)20 74960992,706966
Andrea Huff,3 Ward hill; Stewartside; E1 8GF,andrea.huff@hotmail.co.uk,020 7946 0517,523274
William Riley,6 Callum roads; New Nicholas; G0 2QS,william.riley@yahoo.com,+441614960379,883356
Amy Buckley,Flat 25e; Chapman mills; Hughesview; B94 6RE,amy.buckley@hotmail.co.uk,01514960061,981296
Jacob Howard,883 Smith center; Port Eleanor; S9 0LG,jacob.howard@yahoo.com,0121 496 0887,586227
Lisa Munoz,Studio 13J; Burgess harbor; Lake Adrianshire; CT1 8AN,lisa.munoz@yahoo.com,+44117 496 0280,632830
Michael Aguilar,Flat 33q; Nicholls pike; Colemanside; WD91 3QJ,michael.aguilar@yahoo.com,029 2018752,697275
Andrea Bowen,Studio 74C; Dixon green; Bradleyburgh; M15 6UU,andrea.bowen@hotmail.co.uk,+44(0)306 9990898,604307
Thomas Owens,Studio 41d; Cross divide; Gavinchester; N37 9TL,thomas.owens@yahoo.com,+44(0)29 2018 0389,626770
Stacey Ross,Studio 6; Taylor ville; East Reeceville; IG4V 7RL,stacey.ross@yahoo.co.uk,+44(0)1632 960088,709275
Lisa Nguyen,Flat 4; Davies shores; Butlerport; EH0V 6QG,sharon71@yahoo.com,+44191 496 0688,122653
Jessica Johnson,09 Sean avenue; South Keithfort; L05 5YG,jessica.johnson@hotmail.co.uk,0117 496 0643,434379
James Velasquez,724 Curtis island; South Paulineside; S7F 6GH,james.velasquez@gmail.com,(020) 74960144,203108
Paul Soto,Flat 65; Johnson shores; West Leonard; PR95 6GF,paul.soto@hotmail.co.uk,+44(0)1174960686,256076
Timothy Swanson,46 Sally walks; Wrightton; B2T 4XE,timothy.swanson@gmail.com,+44808 1570168,391350
John Payne,22 Wright branch; Port Lisa; WA1E 3BN,john.payne@yahoo.com,+441164960472,986164
Mark Zimmerman,89 Julia shore; Vaughanfort; DL9Y 6RA,francesca25@hotmail.com,+44(0)1632 960 549,807192
Eric Jimenez,Flat 99h; Miles isle; South Maureenland; G5 9UH,eric.jimenez@hotmail.com,+44(0)306 999 0200,681349
Thomas Thomas,Studio 2; Bryan row; Charlenetown; LA8Y 2AD,thomas.thomas@yahoo.co.uk,+44(0)306 999 0858,294735
Benjamin Matthews,Flat 59e; Dawn corners; Taylorburgh; SG0H 1EX,benjamin.matthews@hotmail.com,(029) 2018573,435195
Jennifer Schaefer,3 Whittaker lodge; South Liamtown; TN78 8WE,jennifer.schaefer@gmail.com,+44(0)29 2018909,419481
Joanne Munoz,99 Glenn shores; New Juneton; WV6 8ZA,joanne.munoz@yahoo.co.uk,01632960774,404564
Hannah Montgomery,Flat 79O; Norman dale; Ruthshire; L6 4UD,hugheszoe@hotmail.com,+44(0)117 496 0439,702193
